{
  "Ge3PcZKxQbC27AFRDe5U7Br8oGBwUqCP6uqzpyh1fJUW": 11.11111111,
  "AgxPPPEy4DAaUdCRuSpmXRirC9KXCA19vZA5gEmcVKaw": 11.11111111,
  "FPLV6bRcBj4i8sipkim2N7eZMsGJC2xfCsAgeoDsQhoD": 5.55555556,
  "26YvskbJWNr3RcDQnfwcFCk7gePD6smM2yJmxBk8MKCE": 5.55555556,
  "NQBid44cxfAY3afgHdaAo7UoYacmkE7zquBt7M6jJY": 5.55555556,
  "BFrWAAd5yG1Lb4qaSKMZUm6wDzCoWCz6955gkVtuyA1i": 5.55555556,
  "2MGNJZrchNVLPnibp112hzbpiJvbcgNYFBf5qsgAsTy": 5.55555556
}
